account_id,account_name,industry,region,segment,customer_since,renewal_date,contract_arr,discount_pct,licensed_users,active_users,adoption_rate,health_score,nps,support_tickets_90d,cs_hours_90d,avg_payment_days,expansion_potential,churn_risk,account_owner,est_annual_variable_cost,est_annual_contribution,notes
A001,Lighthouse Systems,Professional Services,Midwest,Mid-Market,2024-12-23,2026-10-12,28137,0.213,396,305,0.771,83,45,6,22.6,45,High,Low,Priya Shah,10120.87,18016.13,Strong adoption; candidate for Analytics Pro or AI Coach expansion.
A002,Atlas Manufacturing,Technology,Southeast,SMB,2025-09-13,2026-08-24,9409,0.139,93,71,0.761,88,42,0,6.7,49,High,Low,Priya Shah,3099.17,6309.83,Strong adoption; candidate for Analytics Pro or AI Coach expansion.
A003,Clear Manufacturing,Hospitality,Midwest,SMB,2025-08-21,2026-03-15,11986,0,235,143,0.607,75,57,9,16.2,41,Medium,Low,Jordan Lee,6180.48,5805.52,
A004,Harbor Networks,Manufacturing,Southeast,SMB,2025-03-12,2026-01-27,10082,0,107,67,0.628,81,49,0,21.3,40,Medium,Low,Mateo Ruiz,7274.66,2807.34,
A005,Stone Partners,Hospitality,Southwest,Mid-Market,2022-12-06,2026-07-16,19129,0.096,554,265,0.479,65,36,12,20.0,35,Low,Medium,Priya Shah,8270.41,10858.59,
A006,Redwood Partners,Manufacturing,Northeast,Mid-Market,2024-10-18,2026-09-10,17239,0.117,860,436,0.507,68,28,7,27.1,52,Low,Medium,Priya Shah,9925.61,7313.39,
A007,Clear Enterprises,Technology,Southwest,SMB,2025-07-05,2026-10-08,7412,0.0,105,40,0.38,63,14,4,24.0,37,Low,High,Jordan Lee,7707.28,-295.28,
A008,Atlas Works,Retail,Mid-Atlantic,SMB,2026-02-05,2026-06-13,10992,0.022,201,186,0.923,94,41,3,2,38,High,Low,Priya Shah,2015.34,8976.66,Strong adoption; candidate for Analytics Pro or AI Coach expansion.
A009,Peak Industries,Healthcare,West,Mid-Market,2024-09-24,2026-09-26,24658,0.099,504,359,0.712,81,37,3,23.9,33,Medium,Low,Priya Shah,9956.72,14701.28,
A010,Clear Industries,Financial Services,Southeast,Mid-Market,2022-05-09,2026-02-21,27119,0.013,569,276,0.485,65,16,8,22.4,34,Low,Medium,Priya Shah,9971.03,17147.97,
A011,Summit Brands,Manufacturing,Northeast,Enterprise,2022-11-08,2026-08-22,74854,0.187,2504,1174,0.469,67,38,7,24.5,44,Low,Medium,Mateo Ruiz,17010.2,57843.8,
A012,Redwood Group,Hospitality,Southeast,Mid-Market,2024-02-10,2026-01-19,25754,0.066,747,559,0.748,82,50,9,10.3,54,Medium,Low,Priya Shah,6417.45,19336.55,
A013,Redwood Health,Retail,Mid-Atlantic,Mid-Market,2024-03-27,2026-05-31,31012,0.041,642,453,0.706,80,44,7,11.8,22,Medium,Low,Priya Shah,7509.23,23502.77,
A014,Cedar Foods,Professional Services,Mid-Atlantic,Mid-Market,2022-10-08,2026-01-16,18062,0,452,375,0.83,91,81,5,13.3,20,High,Low,Mateo Ruiz,6144.31,11917.69,Strong adoption; candidate for Analytics Pro or AI Coach expansion.
A015,Atlas Hospitality,Professional Services,Mid-Atlantic,SMB,2024-01-14,2026-02-08,7952,0.138,238,195,0.819,87,16,2,2,40,High,Low,Jordan Lee,1606.48,6345.52,Strong adoption; candidate for Analytics Pro or AI Coach expansion.
A016,Ever Manufacturing,Technology,Northeast,Enterprise,2023-08-18,2026-08-24,51029,0.13,2675,1462,0.547,68,32,11,15.5,44,Low,Medium,Mateo Ruiz,11422.83,39606.17,
A017,North Services,Technology,West,Enterprise,2022-12-21,2026-01-10,37409,0.215,3807,3606,0.947,82,26,13,33.1,65,High,Low,Priya Shah,14520.22,22888.78,
A018,Cobalt Manufacturing,Manufacturing,Southwest,Enterprise,2022-02-01,2026-02-11,57318,0.225,1574,888,0.564,48,28,31,70.1,76,Low,High,Mateo Ruiz,28500.83,28817.17,Executive attention recommended before renewal.
A019,Silver Industries,Hospitality,Mid-Atlantic,Enterprise,2024-10-04,2026-11-28,69937,0.088,3593,2811,0.782,82,77,14,16.5,46,High,Low,Priya Shah,14495.1,55441.9,
A020,Clear Holdings,Retail,Mid-Atlantic,Mid-Market,2025-02-15,2026-07-10,24372,0.038,925,525,0.567,75,49,6,15.9,15,Low,Medium,Priya Shah,7737.35,16634.65,
A021,Iron Enterprises,Healthcare,Southeast,Enterprise,2024-05-19,2026-09-04,59447,0.167,1302,776,0.596,70,35,13,10.9,31,Medium,Low,Priya Shah,11398.36,48048.64,
A022,Blue Financial,Hospitality,Southwest,Enterprise,2022-05-22,2026-12-30,42824,0.186,1773,1207,0.681,67,31,18,36.0,85,Medium,Low,Mateo Ruiz,16263.79,26560.21,
A023,Peak Networks,Healthcare,Southwest,Mid-Market,2022-09-19,2026-10-18,18123,0.084,561,474,0.846,87,36,5,14.3,20,High,Low,Priya Shah,6432.48,11690.52,Strong adoption; candidate for Analytics Pro or AI Coach expansion.
A024,Cedar Networks,Technology,Southwest,Enterprise,2025-02-28,2026-04-28,43454,0.123,2657,1531,0.576,70,48,14,15.3,60,Low,Medium,Jordan Lee,10419.7,33034.3,
A025,Maple Networks,Professional Services,Mid-Atlantic,Enterprise,2025-06-29,2026-09-25,76661,0.077,917,557,0.607,64,12,20,5.3,61,Medium,Medium,Jordan Lee,12676.51,63984.49,
A026,Cobalt Solutions,Manufacturing,Southeast,Mid-Market,2023-03-07,2026-08-15,22338,0.207,697,609,0.874,87,37,5,19.6,59,High,Low,Mateo Ruiz,8481.29,13856.71,Strong adoption; candidate for Analytics Pro or AI Coach expansion.
A027,River Industries,Financial Services,Midwest,SMB,2022-02-06,2026-10-02,6683,0.123,223,152,0.683,85,60,1,15.8,17,Medium,Low,Jordan Lee,5298.14,1384.86,
A028,Atlas Financial,Hospitality,Mid-Atlantic,Enterprise,2025-08-19,2026-03-08,66206,0.125,3864,2592,0.671,70,28,13,29.5,61,Medium,Low,Jordan Lee,17555.32,48650.68,
A029,Cedar Financial,Financial Services,West,Enterprise,2025-04-30,2026-11-09,63392,0.259,1303,641,0.492,58,40,21,27.8,66,Low,Medium,Priya Shah,17089.95,46302.05,
A030,Harbor Partners,Manufacturing,Southwest,SMB,2025-06-03,2026-10-14,8725,0.129,224,215,0.96,88,17,8,9.8,20,High,Low,Mateo Ruiz,3934.09,4790.91,Strong adoption; candidate for Analytics Pro or AI Coach expansion.
A031,River Solutions,Financial Services,Midwest,Mid-Market,2024-05-14,2026-11-01,18078,0.141,582,345,0.592,72,50,12,13.6,31,Medium,Low,Mateo Ruiz,6331.69,11746.31,
A032,Cedar Manufacturing,Professional Services,Northeast,Mid-Market,2022-10-25,2026-02-26,23482,0.114,460,296,0.643,76,57,10,15.4,43,Medium,Low,Mateo Ruiz,7552.52,15929.48,
A033,Atlas Foods,Professional Services,Northeast,Mid-Market,2022-08-01,2026-05-20,29438,0.101,625,473,0.756,77,38,15,2,41,High,Low,Mateo Ruiz,4740.2,24697.8,Strong adoption; candidate for Analytics Pro or AI Coach expansion.
A034,Blue Holdings,Professional Services,Midwest,SMB,2024-10-27,2026-05-20,13093,0,238,202,0.85,89,56,7,4.9,40,High,Low,Priya Shah,3147.41,9945.59,Strong adoption; candidate for Analytics Pro or AI Coach expansion.
A035,Blue Enterprises,Financial Services,Midwest,SMB,2025-11-02,2026-06-22,8480,0.039,180,113,0.63,79,45,5,5.9,42,Medium,Low,Jordan Lee,2788.32,5691.68,
A036,Atlas Industries,Logistics,Southwest,SMB,2024-09-12,2026-12-14,10747,0.201,249,196,0.787,83,25,3,20.0,26,High,Low,Priya Shah,7022.9,3724.1,Strong adoption; candidate for Analytics Pro or AI Coach expansion.
A037,Blue Logistics,Professional Services,Midwest,Enterprise,2022-10-03,2026-12-25,70504,0.178,3044,1883,0.618,65,27,20,15.1,60,Medium,Low,Priya Shah,14521.58,55982.42,
A038,Ever Solutions,Manufacturing,Mid-Atlantic,SMB,2022-11-09,2026-10-01,9685,0.128,247,109,0.442,67,26,8,2.9,15,Low,High,Priya Shah,2133.03,7551.97,
A039,Harbor Financial,Healthcare,Southwest,Enterprise,2024-10-30,2026-12-02,50969,0.148,2731,1952,0.715,75,70,14,40.3,37,Medium,Low,Mateo Ruiz,18480.82,32488.18,
A040,Pioneer Labs,Technology,Midwest,Mid-Market,2023-09-17,2026-10-15,20207,0.156,655,481,0.734,81,34,6,11.1,38,Medium,Low,Mateo Ruiz,5831.9,14375.1,
A041,Silver Collective,Manufacturing,Midwest,Mid-Market,2024-02-16,2026-10-24,31890,0.091,988,666,0.674,79,68,12,3.3,26,Medium,Low,Jordan Lee,5375.84,26514.16,
A042,Cobalt Enterprises,Logistics,Northeast,Enterprise,2023-10-25,2026-03-25,54455,0.044,2500,1738,0.695,69,50,17,47.2,49,Medium,Low,Priya Shah,21035.74,33419.26,
A043,Peak Manufacturing,Manufacturing,Southeast,Enterprise,2023-04-04,2026-05-03,70604,0.162,1712,1304,0.762,74,51,17,29.9,47,High,Low,Mateo Ruiz,18510.73,52093.27,
A044,Ever Enterprises,Manufacturing,West,SMB,2022-10-18,2026-07-24,8545,0,219,112,0.511,75,20,0,2,25,Low,Medium,Priya Shah,1670.85,6874.15,
A045,Ever Labs,Manufacturing,Northeast,SMB,2023-07-26,2026-03-17,8635,0.171,221,131,0.594,74,29,7,3.5,16,Medium,Low,Jordan Lee,2150.91,6484.09,
A046,Clear Brands,Professional Services,Mid-Atlantic,Mid-Market,2023-08-30,2026-06-21,29303,0.008,575,215,0.374,59,9,9,20.7,41,Low,High,Jordan Lee,9816.37,19486.63,
A047,Harbor Health,Retail,Midwest,SMB,2022-03-08,2026-05-22,8436,0.093,191,103,0.538,74,49,5,21.1,29,Low,Medium,Priya Shah,7038.42,1397.58,
A048,Ever Systems,Manufacturing,West,SMB,2024-03-21,2026-04-15,6070,0.069,155,136,0.877,96,61,0,2,41,High,Low,Priya Shah,1349.1,4720.9,Strong adoption; candidate for Analytics Pro or AI Coach expansion.
A049,Pioneer Technologies,Hospitality,Mid-Atlantic,Enterprise,2022-05-22,2026-01-20,32681,0.21,1948,1124,0.577,66,23,14,21.0,71,Low,Medium,Priya Shah,10494.56,22186.44,
A050,Blue Solutions,Technology,Northeast,Enterprise,2025-08-05,2026-07-15,60548,0.023,1770,1357,0.767,77,41,10,39.3,35,High,Low,Mateo Ruiz,19359.62,41188.38,
A051,Maple Manufacturing,Retail,Mid-Atlantic,SMB,2025-09-18,2026-03-19,11635,0.217,228,175,0.767,86,60,6,8.6,44,High,Low,Mateo Ruiz,3976.4,7658.6,Strong adoption; candidate for Analytics Pro or AI Coach expansion.
A052,Cobalt Financial,Manufacturing,Southwest,Mid-Market,2022-08-23,2026-01-26,15956,0.063,662,357,0.539,70,35,9,16.3,38,Low,Medium,Mateo Ruiz,6753.16,9202.84,
A053,Summit Technologies,Financial Services,West,Enterprise,2025-07-18,2026-11-08,43359,0.09,2067,1138,0.55,66,55,18,21.1,71,Low,Medium,Mateo Ruiz,12169.04,31189.96,
A054,North Holdings,Professional Services,Midwest,Mid-Market,2023-11-07,2026-05-31,21228,0.199,447,342,0.766,88,50,1,9.6,35,High,Low,Mateo Ruiz,5464.62,15763.38,Strong adoption; candidate for Analytics Pro or AI Coach expansion.
A055,Blue Labs,Logistics,Northeast,SMB,2026-02-06,2026-07-13,6298,0.204,100,84,0.842,90,57,5,8.0,26,High,Low,Mateo Ruiz,3083.93,3214.07,Strong adoption; candidate for Analytics Pro or AI Coach expansion.
A056,Bright Works,Technology,Southwest,Enterprise,2023-12-22,2026-02-10,50391,0.268,1407,1059,0.753,72,62,21,30.2,77,Medium,Low,Priya Shah,15853.4,34537.6,
A057,Clear Services,Financial Services,Southeast,SMB,2025-02-18,2026-01-18,8923,0.138,152,96,0.63,74,23,7,11.1,50,Medium,Low,Priya Shah,4317.96,4605.04,
A058,Cobalt Group,Hospitality,Midwest,Mid-Market,2023-03-09,2026-03-08,21221,0.066,652,538,0.826,89,36,0,19.8,15,High,Low,Priya Shah,8302.73,12918.27,Strong adoption; candidate for Analytics Pro or AI Coach expansion.
A059,Nova Collective,Retail,Southeast,SMB,2024-11-28,2026-07-20,7634,0.086,247,227,0.918,92,53,3,25.6,25,High,Low,Mateo Ruiz,8178.74,-544.74,Strong adoption; candidate for Analytics Pro or AI Coach expansion.
A060,Redwood Hospitality,Technology,Southeast,SMB,2024-12-19,2026-06-27,9676,0,99,75,0.753,88,54,0,15.2,41,High,Low,Priya Shah,5513.88,4162.12,Strong adoption; candidate for Analytics Pro or AI Coach expansion.
