file_name,column_name,description
2027_plan_scenarios.csv,scenario,See field name; values are synthetic and designed for classroom analysis.
2027_plan_scenarios.csv,revenue_growth_pct,See field name; values are synthetic and designed for classroom analysis.
2027_plan_scenarios.csv,renewal_rate,See field name; values are synthetic and designed for classroom analysis.
2027_plan_scenarios.csv,gross_margin_pct,See field name; values are synthetic and designed for classroom analysis.
2027_plan_scenarios.csv,planned_new_hires,See field name; values are synthetic and designed for classroom analysis.
2027_plan_scenarios.csv,marketing_budget,See field name; values are synthetic and designed for classroom analysis.
2027_plan_scenarios.csv,projected_revenue,See field name; values are synthetic and designed for classroom analysis.
2027_plan_scenarios.csv,projected_cogs,See field name; values are synthetic and designed for classroom analysis.
2027_plan_scenarios.csv,projected_payroll,See field name; values are synthetic and designed for classroom analysis.
2027_plan_scenarios.csv,projected_other_opex,See field name; values are synthetic and designed for classroom analysis.
2027_plan_scenarios.csv,projected_ebitda,See field name; values are synthetic and designed for classroom analysis.
accounts.csv,account_id,See field name; values are synthetic and designed for classroom analysis.
accounts.csv,account_name,See field name; values are synthetic and designed for classroom analysis.
accounts.csv,industry,See field name; values are synthetic and designed for classroom analysis.
accounts.csv,region,See field name; values are synthetic and designed for classroom analysis.
accounts.csv,segment,See field name; values are synthetic and designed for classroom analysis.
accounts.csv,customer_since,See field name; values are synthetic and designed for classroom analysis.
accounts.csv,renewal_date,See field name; values are synthetic and designed for classroom analysis.
accounts.csv,contract_arr,See field name; values are synthetic and designed for classroom analysis.
accounts.csv,discount_pct,See field name; values are synthetic and designed for classroom analysis.
accounts.csv,licensed_users,See field name; values are synthetic and designed for classroom analysis.
accounts.csv,active_users,See field name; values are synthetic and designed for classroom analysis.
accounts.csv,adoption_rate,See field name; values are synthetic and designed for classroom analysis.
accounts.csv,health_score,See field name; values are synthetic and designed for classroom analysis.
accounts.csv,nps,See field name; values are synthetic and designed for classroom analysis.
accounts.csv,support_tickets_90d,See field name; values are synthetic and designed for classroom analysis.
accounts.csv,cs_hours_90d,See field name; values are synthetic and designed for classroom analysis.
accounts.csv,avg_payment_days,See field name; values are synthetic and designed for classroom analysis.
accounts.csv,expansion_potential,See field name; values are synthetic and designed for classroom analysis.
accounts.csv,churn_risk,See field name; values are synthetic and designed for classroom analysis.
accounts.csv,account_owner,See field name; values are synthetic and designed for classroom analysis.
accounts.csv,est_annual_variable_cost,See field name; values are synthetic and designed for classroom analysis.
accounts.csv,est_annual_contribution,See field name; values are synthetic and designed for classroom analysis.
accounts.csv,notes,See field name; values are synthetic and designed for classroom analysis.
company_summary.csv,company_name,See field name; values are synthetic and designed for classroom analysis.
company_summary.csv,business_model,See field name; values are synthetic and designed for classroom analysis.
company_summary.csv,current_market,See field name; values are synthetic and designed for classroom analysis.
company_summary.csv,adjacent_market_under_test,See field name; values are synthetic and designed for classroom analysis.
company_summary.csv,current_year,See field name; values are synthetic and designed for classroom analysis.
company_summary.csv,2026_revenue_target,See field name; values are synthetic and designed for classroom analysis.
company_summary.csv,2027_revenue_goal,See field name; values are synthetic and designed for classroom analysis.
company_summary.csv,opening_cash_2026,See field name; values are synthetic and designed for classroom analysis.
company_summary.csv,minimum_cash_reserve_target,See field name; values are synthetic and designed for classroom analysis.
company_summary.csv,core_product,See field name; values are synthetic and designed for classroom analysis.
company_summary.csv,add_on_1,See field name; values are synthetic and designed for classroom analysis.
company_summary.csv,add_on_2,See field name; values are synthetic and designed for classroom analysis.
company_summary.csv,board_question,See field name; values are synthetic and designed for classroom analysis.
crm_opportunities.csv,opportunity_id,See field name; values are synthetic and designed for classroom analysis.
crm_opportunities.csv,opportunity_type,See field name; values are synthetic and designed for classroom analysis.
crm_opportunities.csv,account_id,See field name; values are synthetic and designed for classroom analysis.
crm_opportunities.csv,account_name,See field name; values are synthetic and designed for classroom analysis.
crm_opportunities.csv,source,See field name; values are synthetic and designed for classroom analysis.
crm_opportunities.csv,sales_rep,See field name; values are synthetic and designed for classroom analysis.
crm_opportunities.csv,product,See field name; values are synthetic and designed for classroom analysis.
crm_opportunities.csv,created_date,See field name; values are synthetic and designed for classroom analysis.
crm_opportunities.csv,expected_close_date,See field name; values are synthetic and designed for classroom analysis.
crm_opportunities.csv,stage,See field name; values are synthetic and designed for classroom analysis.
crm_opportunities.csv,status,See field name; values are synthetic and designed for classroom analysis.
crm_opportunities.csv,amount,See field name; values are synthetic and designed for classroom analysis.
crm_opportunities.csv,discount_pct,See field name; values are synthetic and designed for classroom analysis.
crm_opportunities.csv,probability,See field name; values are synthetic and designed for classroom analysis.
crm_opportunities.csv,weighted_pipeline,See field name; values are synthetic and designed for classroom analysis.
crm_opportunities.csv,days_in_stage,See field name; values are synthetic and designed for classroom analysis.
crm_opportunities.csv,term_months,See field name; values are synthetic and designed for classroom analysis.
crm_opportunities.csv,lost_reason,See field name; values are synthetic and designed for classroom analysis.
crm_opportunities.csv,next_step,See field name; values are synthetic and designed for classroom analysis.
employees_and_hiring_plan.csv,employee_id,See field name; values are synthetic and designed for classroom analysis.
employees_and_hiring_plan.csv,employee_name,See field name; values are synthetic and designed for classroom analysis.
employees_and_hiring_plan.csv,role,See field name; values are synthetic and designed for classroom analysis.
employees_and_hiring_plan.csv,department,See field name; values are synthetic and designed for classroom analysis.
employees_and_hiring_plan.csv,start_date,See field name; values are synthetic and designed for classroom analysis.
employees_and_hiring_plan.csv,base_salary,See field name; values are synthetic and designed for classroom analysis.
employees_and_hiring_plan.csv,variable_comp_target_pct,See field name; values are synthetic and designed for classroom analysis.
employees_and_hiring_plan.csv,status,See field name; values are synthetic and designed for classroom analysis.
employees_and_hiring_plan.csv,business_case,See field name; values are synthetic and designed for classroom analysis.
employees_and_hiring_plan.csv,benefits_burden_pct,See field name; values are synthetic and designed for classroom analysis.
marketing_campaigns.csv,campaign_id,See field name; values are synthetic and designed for classroom analysis.
marketing_campaigns.csv,campaign_name,See field name; values are synthetic and designed for classroom analysis.
marketing_campaigns.csv,channel,See field name; values are synthetic and designed for classroom analysis.
marketing_campaigns.csv,quarter,See field name; values are synthetic and designed for classroom analysis.
marketing_campaigns.csv,spend,See field name; values are synthetic and designed for classroom analysis.
marketing_campaigns.csv,leads,See field name; values are synthetic and designed for classroom analysis.
marketing_campaigns.csv,mqls,See field name; values are synthetic and designed for classroom analysis.
marketing_campaigns.csv,opportunities,See field name; values are synthetic and designed for classroom analysis.
marketing_campaigns.csv,wins,See field name; values are synthetic and designed for classroom analysis.
marketing_campaigns.csv,bookings,See field name; values are synthetic and designed for classroom analysis.
marketing_campaigns.csv,cost_per_opportunity,See field name; values are synthetic and designed for classroom analysis.
marketing_campaigns.csv,customer_acquisition_cost,See field name; values are synthetic and designed for classroom analysis.
marketing_campaigns.csv,pipeline_roi,See field name; values are synthetic and designed for classroom analysis.
marketing_campaigns.csv,booking_roi,See field name; values are synthetic and designed for classroom analysis.
marketing_campaigns.csv,avg_sales_cycle_days,See field name; values are synthetic and designed for classroom analysis.
monthly_financials_2026.csv,month,See field name; values are synthetic and designed for classroom analysis.
monthly_financials_2026.csv,actual_or_forecast,See field name; values are synthetic and designed for classroom analysis.
monthly_financials_2026.csv,subscription_revenue,See field name; values are synthetic and designed for classroom analysis.
monthly_financials_2026.csv,services_revenue,See field name; values are synthetic and designed for classroom analysis.
monthly_financials_2026.csv,usage_revenue,See field name; values are synthetic and designed for classroom analysis.
monthly_financials_2026.csv,total_revenue,See field name; values are synthetic and designed for classroom analysis.
monthly_financials_2026.csv,cloud_and_ai_cogs,See field name; values are synthetic and designed for classroom analysis.
monthly_financials_2026.csv,payment_fees,See field name; values are synthetic and designed for classroom analysis.
monthly_financials_2026.csv,implementation_cogs,See field name; values are synthetic and designed for classroom analysis.
monthly_financials_2026.csv,support_contractors,See field name; values are synthetic and designed for classroom analysis.
monthly_financials_2026.csv,total_cogs,See field name; values are synthetic and designed for classroom analysis.
monthly_financials_2026.csv,gross_profit,See field name; values are synthetic and designed for classroom analysis.
monthly_financials_2026.csv,gross_margin_pct,See field name; values are synthetic and designed for classroom analysis.
monthly_financials_2026.csv,payroll_and_benefits,See field name; values are synthetic and designed for classroom analysis.
monthly_financials_2026.csv,sales_commissions,See field name; values are synthetic and designed for classroom analysis.
monthly_financials_2026.csv,marketing_expense,See field name; values are synthetic and designed for classroom analysis.
monthly_financials_2026.csv,product_and_tools,See field name; values are synthetic and designed for classroom analysis.
monthly_financials_2026.csv,g_and_a,See field name; values are synthetic and designed for classroom analysis.
monthly_financials_2026.csv,total_opex,See field name; values are synthetic and designed for classroom analysis.
monthly_financials_2026.csv,ebitda,See field name; values are synthetic and designed for classroom analysis.
monthly_financials_2026.csv,cash_collected,See field name; values are synthetic and designed for classroom analysis.
monthly_financials_2026.csv,capex,See field name; values are synthetic and designed for classroom analysis.
monthly_financials_2026.csv,monthly_cash_change,See field name; values are synthetic and designed for classroom analysis.
monthly_financials_2026.csv,ending_cash,See field name; values are synthetic and designed for classroom analysis.
monthly_financials_2026.csv,accounts_receivable_estimate,See field name; values are synthetic and designed for classroom analysis.
product_usage_monthly.csv,month,See field name; values are synthetic and designed for classroom analysis.
product_usage_monthly.csv,account_id,See field name; values are synthetic and designed for classroom analysis.
product_usage_monthly.csv,account_name,See field name; values are synthetic and designed for classroom analysis.
product_usage_monthly.csv,licensed_users,See field name; values are synthetic and designed for classroom analysis.
product_usage_monthly.csv,active_users,See field name; values are synthetic and designed for classroom analysis.
product_usage_monthly.csv,adoption_rate,See field name; values are synthetic and designed for classroom analysis.
product_usage_monthly.csv,sessions,See field name; values are synthetic and designed for classroom analysis.
product_usage_monthly.csv,ai_coach_users,See field name; values are synthetic and designed for classroom analysis.
product_usage_monthly.csv,analytics_pro_users,See field name; values are synthetic and designed for classroom analysis.
product_usage_monthly.csv,avg_time_to_value_days,See field name; values are synthetic and designed for classroom analysis.
product_usage_monthly.csv,support_tickets,See field name; values are synthetic and designed for classroom analysis.
sales_activity_weekly.csv,week_start,See field name; values are synthetic and designed for classroom analysis.
sales_activity_weekly.csv,sales_rep,See field name; values are synthetic and designed for classroom analysis.
sales_activity_weekly.csv,outbound_calls,See field name; values are synthetic and designed for classroom analysis.
sales_activity_weekly.csv,emails_sent,See field name; values are synthetic and designed for classroom analysis.
sales_activity_weekly.csv,meetings_held,See field name; values are synthetic and designed for classroom analysis.
sales_activity_weekly.csv,demos_completed,See field name; values are synthetic and designed for classroom analysis.
sales_activity_weekly.csv,proposals_sent,See field name; values are synthetic and designed for classroom analysis.
