employee_id,employee_name,role,department,start_date,base_salary,variable_comp_target_pct,status,business_case,benefits_burden_pct
E001,Maya Brooks,CEO,Executive,2022-01-10,145000,0.1,Active,,0.22
E002,Eli Grant,VP Product,Product,2022-04-18,132000,0.08,Active,,0.22
E003,Sofia Kim,Senior Engineer,Engineering,2022-08-15,121000,0.06,Active,,0.22
E004,Noah Price,Engineer,Engineering,2023-02-06,103000,0.05,Active,,0.22
E005,Avery Chen,Account Executive,Sales,2023-06-12,82000,0.3,Active,,0.22
E006,Marcus Bell,Account Executive,Sales,2024-01-08,79000,0.3,Active,,0.22
E007,Nina Patel,Account Executive,Sales,2025-03-03,77000,0.3,Active,,0.22
E008,Jordan Lee,Customer Success Manager,Customer Success,2023-09-11,76000,0.08,Active,,0.22
E009,Priya Shah,Customer Success Manager,Customer Success,2024-07-15,74000,0.08,Active,,0.22
E010,Mateo Ruiz,Customer Success Manager,Customer Success,2025-11-03,72000,0.08,Active,,0.22
E011,Lena Ford,Marketing Manager,Marketing,2024-03-25,86000,0.08,Active,,0.22
E012,Owen Blake,Finance & Ops Manager,Finance/Ops,2025-01-13,92000,0.08,Active,,0.22
P013,Planned SDR,SDR,Sales,2026-11-01,61000,0.12,Planned,Pipeline growth hire,0.22
P014,Planned CSM,Customer Success Manager,Customer Success,2026-12-01,78000,0.08,Planned,Renewal/adoption capacity,0.22
P015,Planned Engineer,Engineer,Engineering,2027-02-01,112000,0.05,Planned,AI Coach + healthcare requirements,0.22
P016,Planned AE,Account Executive,Sales,2027-04-01,85000,0.3,Planned,New-market expansion,0.22
