campaign_id,campaign_name,channel,quarter,spend,leads,mqls,opportunities,wins,bookings,cost_per_opportunity,customer_acquisition_cost,pipeline_roi,booking_roi,avg_sales_cycle_days
C001,Content Campaign 01,Content,Q1 2026,4927,133,76,21,6,117588,234.62,821.17,83.53,23.87,52
C002,Partner Campaign 02,Partner,Q3 2026,4204,99,42,16,5,52680,262.75,840.8,40.1,12.53,48
C003,Content Campaign 03,Content,Q1 2026,4199,160,96,21,6,116382,199.95,699.83,97.01,27.72,99
C004,Paid Search Campaign 04,Paid Search,Q1 2026,6379,212,129,20,4,101648,318.95,1594.75,79.67,15.93,107
C005,Webinar Campaign 05,Webinar,Q1 2026,2781,77,28,9,1,24194,309.0,2781.0,78.3,8.7,76
C006,Conference Campaign 06,Conference,Q3 2026,9188,439,166,29,7,146454,316.83,1312.57,66.04,15.94,99
C007,Webinar Campaign 07,Webinar,Q3 2026,5157,224,98,34,6,63402,151.68,859.5,69.67,12.29,79
C008,Email Nurture Campaign 08,Email Nurture,Q1 2026,1266,45,23,5,1,13600,253.2,1266.0,53.71,10.74,100
C009,Email Nurture Campaign 09,Email Nurture,Q2 2026,1915,43,24,3,0,0,638.33,1915.0,15.39,0.0,101
C010,Partner Campaign 10,Partner,Q1 2026,3455,142,58,33,11,249469,104.7,314.09,216.62,72.21,91
C011,Webinar Campaign 11,Webinar,Q1 2026,4350,223,136,22,2,25094,197.73,2175.0,63.46,5.77,100
C012,Partner Campaign 12,Partner,Q3 2026,2234,73,28,10,3,43686,223.4,744.67,65.18,19.56,45
C013,Partner Campaign 13,Partner,Q3 2026,2390,53,19,13,3,59217,183.85,796.67,107.37,24.78,85
C014,Webinar Campaign 14,Webinar,Q3 2026,3796,132,53,13,1,19390,292.0,3796.0,66.4,5.11,87
C015,Referral Program Campaign 15,Referral Program,Q3 2026,2710,63,23,13,4,66460,208.46,677.5,79.7,24.52,66
C016,Partner Campaign 16,Partner,Q2 2026,2659,118,68,26,7,128912,102.27,379.86,180.07,48.48,89
C017,Conference Campaign 17,Conference,Q2 2026,13901,350,123,29,7,112679,479.34,1985.86,33.58,8.11,94
C018,Content Campaign 18,Content,Q1 2026,2674,110,56,18,5,92185,148.56,534.8,124.11,34.47,78
C019,Webinar Campaign 19,Webinar,Q2 2026,4876,106,39,9,1,15016,541.78,4876.0,27.72,3.08,101
C020,Conference Campaign 20,Conference,Q2 2026,9144,487,259,49,10,204800,186.61,914.4,109.75,22.4,52
C021,Paid Search Campaign 21,Paid Search,Q1 2026,2796,128,76,14,1,10863,199.71,2796.0,54.39,3.89,57
C022,Referral Program Campaign 22,Referral Program,Q3 2026,2939,75,37,14,7,139503,209.93,419.86,94.93,47.47,86
C023,Referral Program Campaign 23,Referral Program,Q3 2026,1097,49,30,9,3,36396,121.89,365.67,99.53,33.18,110
C024,Partner Campaign 24,Partner,Q1 2026,2839,106,62,23,7,134295,123.43,405.57,155.43,47.3,56
C025,Paid Search Campaign 25,Paid Search,Q3 2026,8867,168,78,13,2,20798,682.08,4433.5,15.25,2.35,81
C026,Referral Program Campaign 26,Referral Program,Q3 2026,1190,47,17,8,3,50382,148.75,396.67,112.9,42.34,51
C027,Referral Program Campaign 27,Referral Program,Q3 2026,2133,73,25,21,7,174153,101.57,304.71,244.94,81.65,49
C028,Paid Search Campaign 28,Paid Search,Q3 2026,5909,243,128,25,4,102464,236.36,1477.25,108.38,17.34,72
C029,Partner Campaign 29,Partner,Q1 2026,3207,136,75,30,11,244585,106.9,291.55,208.0,76.27,46
C030,Partner Campaign 30,Partner,Q3 2026,4324,225,127,44,16,177952,98.27,270.25,113.17,41.15,52
C031,Partner Campaign 31,Partner,Q2 2026,1645,50,23,12,4,48828,137.08,411.25,89.05,29.68,48
C032,Webinar Campaign 32,Webinar,Q1 2026,5635,159,82,25,5,116960,225.4,1127.0,103.78,20.76,72
C033,Paid Search Campaign 33,Paid Search,Q2 2026,3670,150,75,17,3,72288,215.88,1223.33,111.62,19.7,46
C034,Content Campaign 34,Content,Q1 2026,2166,85,31,11,3,58566,196.91,722.0,99.14,27.04,57
C035,Partner Campaign 35,Partner,Q2 2026,2880,122,64,24,8,108344,120.0,360.0,112.86,37.62,97
C036,Paid Search Campaign 36,Paid Search,Q2 2026,8953,208,110,15,2,42638,596.87,4476.5,35.72,4.76,55
C037,Conference Campaign 37,Conference,Q3 2026,7534,291,145,23,3,51762,327.57,2511.33,52.67,6.87,64
C038,Conference Campaign 38,Conference,Q1 2026,14826,503,299,63,14,336826,235.33,1059.0,102.23,22.72,61
C039,Content Campaign 39,Content,Q2 2026,4886,176,83,23,7,98182,212.43,698.0,66.02,20.09,61
C040,Conference Campaign 40,Conference,Q1 2026,13297,700,363,97,21,279531,137.08,633.19,97.1,21.02,64
C041,Content Campaign 41,Content,Q3 2026,4488,184,87,24,8,96400,187.0,561.0,64.44,21.48,66
C042,Content Campaign 42,Content,Q1 2026,3296,71,29,14,5,63045,235.43,659.2,53.56,19.13,65
