month,actual_or_forecast,subscription_revenue,services_revenue,usage_revenue,total_revenue,cloud_and_ai_cogs,payment_fees,implementation_cogs,support_contractors,total_cogs,gross_profit,gross_margin_pct,payroll_and_benefits,sales_commissions,marketing_expense,product_and_tools,g_and_a,total_opex,ebitda,cash_collected,capex,monthly_cash_change,ending_cash,accounts_receivable_estimate
2026-01-01,Actual,43446,5234,3664,52344,3926,942,2355,3500,10723,41621,0.795,69000,2879,12000,8500,11500,103879,-62258,49203,3000,-68399,341601,3141
2026-02-01,Actual,48821,5882,4117,58820,4412,1059,2647,3500,11618,47202,0.802,69900,3235,12000,8500,11500,105135,-57933,55291,3000,-64462,277139,3529
2026-03-01,Actual,53200,6410,4487,64097,4807,1154,2884,3500,12345,51752,0.807,70800,3525,16500,8500,11500,110825,-59073,60251,3000,-65919,211220,3846
2026-04-01,Actual,50735,6113,4279,61127,4585,1100,2751,3500,11936,49191,0.805,71700,3362,12000,8500,11500,107062,-57871,57459,3000,-64539,146681,3668
2026-05-01,Actual,52323,6304,4413,63040,4728,1135,2837,3500,12200,50840,0.806,72600,3467,16500,8500,11500,112567,-61727,59258,3000,-68509,78172,3782
2026-06-01,Actual,58973,7105,4974,71052,5329,1279,3197,3750,13555,57497,0.809,73500,3908,12000,8500,11500,109408,-51911,66789,9000,-65174,12998,4263
2026-07-01,Actual,61427,7401,5181,74009,6291,1332,3330,4000,14953,59056,0.798,74400,4070,12000,11000,11500,112970,-53914,66608,3000,-64315,-51317,7401
2026-08-01,Actual,62781,7564,5295,75640,6429,1362,3404,4250,15445,60195,0.796,75300,4160,16500,11000,11500,118460,-58265,68076,3000,-68829,-120146,7564
2026-09-01,Actual,64183,7733,5413,77329,6573,1392,3480,4500,15945,61384,0.794,76200,4253,12000,11000,11500,114953,-53569,69596,3000,-64302,-184448,7733
2026-10-01,Forecast,72251,8705,6093,87049,7399,1567,3917,4750,17633,69416,0.797,77100,4788,20000,11000,11500,124388,-54972,73121,3000,-71900,-256348,13928
2026-11-01,Forecast,82085,9890,6923,98898,8406,1780,4450,5000,19636,79262,0.801,85000,5439,20000,11000,11500,132939,-53677,83074,3000,-72501,-328849,15824
2026-12-01,Forecast,86694,10445,7312,104451,8878,1880,4700,5250,20708,83743,0.802,94400,5745,12000,11000,11500,134645,-50902,87739,9000,-76614,-405463,16712
