month,account_id,account_name,licensed_users,active_users,adoption_rate,sessions,ai_coach_users,analytics_pro_users,avg_time_to_value_days,support_tickets
2026-01-01,A001,Lighthouse Systems,396,302,0.763,1297,30,39,7.1,3
2026-02-01,A001,Lighthouse Systems,396,304,0.768,1023,54,71,14.3,0
2026-03-01,A001,Lighthouse Systems,396,295,0.747,1386,83,49,28.1,0
2026-04-01,A001,Lighthouse Systems,396,312,0.789,1387,38,31,20.7,3
2026-05-01,A001,Lighthouse Systems,396,321,0.813,1316,44,42,15.7,3
2026-06-01,A001,Lighthouse Systems,396,321,0.812,897,114,133,10.8,0
2026-07-01,A001,Lighthouse Systems,396,322,0.814,1390,17,83,10.1,1
2026-08-01,A001,Lighthouse Systems,396,319,0.808,1675,139,126,11.8,6
2026-09-01,A001,Lighthouse Systems,396,332,0.84,1130,70,84,18.1,4
2026-01-01,A002,Atlas Manufacturing,93,69,0.745,216,23,10,15.7,0
2026-02-01,A002,Atlas Manufacturing,93,69,0.746,268,10,28,13.3,1
2026-03-01,A002,Atlas Manufacturing,93,73,0.788,324,10,39,18.3,2
2026-04-01,A002,Atlas Manufacturing,93,72,0.785,298,11,27,10.5,1
2026-05-01,A002,Atlas Manufacturing,93,70,0.762,303,21,29,12.5,4
2026-06-01,A002,Atlas Manufacturing,93,75,0.811,165,32,8,18.4,1
2026-07-01,A002,Atlas Manufacturing,93,71,0.773,237,23,8,17.3,0
2026-08-01,A002,Atlas Manufacturing,93,73,0.793,382,30,12,22.4,0
2026-09-01,A002,Atlas Manufacturing,93,71,0.766,389,22,17,10.3,0
2026-01-01,A003,Clear Manufacturing,235,147,0.626,627,37,15,26.5,1
2026-02-01,A003,Clear Manufacturing,235,139,0.594,659,16,34,19.8,3
2026-03-01,A003,Clear Manufacturing,235,157,0.668,681,19,65,26.5,6
2026-04-01,A003,Clear Manufacturing,235,140,0.597,744,9,68,14.0,8
2026-05-01,A003,Clear Manufacturing,235,141,0.601,289,12,71,19.8,0
2026-06-01,A003,Clear Manufacturing,235,141,0.603,602,24,56,20.1,0
2026-07-01,A003,Clear Manufacturing,235,140,0.599,433,34,32,20.1,1
2026-08-01,A003,Clear Manufacturing,235,139,0.594,688,46,75,23.4,0
2026-09-01,A003,Clear Manufacturing,235,138,0.59,305,46,18,16.5,6
2026-01-01,A004,Harbor Networks,107,65,0.614,269,21,26,16.3,0
2026-02-01,A004,Harbor Networks,107,67,0.634,334,29,24,20.1,0
2026-03-01,A004,Harbor Networks,107,67,0.634,207,12,9,18.5,3
2026-04-01,A004,Harbor Networks,107,72,0.674,180,24,14,16.4,1
2026-05-01,A004,Harbor Networks,107,71,0.668,313,20,12,24.3,0
2026-06-01,A004,Harbor Networks,107,66,0.625,235,3,18,16.9,1
2026-07-01,A004,Harbor Networks,107,73,0.689,218,25,35,20.3,0
2026-08-01,A004,Harbor Networks,107,71,0.665,314,24,17,19.2,0
2026-09-01,A004,Harbor Networks,107,72,0.681,207,13,28,12.8,0
2026-01-01,A005,Stone Partners,554,278,0.504,1329,35,113,21.0,0
2026-02-01,A005,Stone Partners,554,269,0.486,822,90,85,8.6,6
2026-03-01,A005,Stone Partners,554,251,0.454,1129,82,79,15.5,2
2026-04-01,A005,Stone Partners,554,278,0.503,1472,59,51,24.6,1
2026-05-01,A005,Stone Partners,554,273,0.493,860,42,94,22.9,0
2026-06-01,A005,Stone Partners,554,295,0.533,1278,106,120,27.5,9
2026-07-01,A005,Stone Partners,554,263,0.476,591,108,77,17.0,3
2026-08-01,A005,Stone Partners,554,263,0.476,666,117,67,22.1,4
2026-09-01,A005,Stone Partners,554,256,0.462,1244,56,66,24.3,3
2026-01-01,A006,Redwood Partners,860,415,0.483,1052,124,144,16.6,1
2026-02-01,A006,Redwood Partners,860,463,0.539,1263,187,157,20.8,0
2026-03-01,A006,Redwood Partners,860,434,0.505,2217,50,91,24.9,0
2026-04-01,A006,Redwood Partners,860,434,0.506,1972,103,113,15.2,2
2026-05-01,A006,Redwood Partners,860,455,0.53,1940,165,89,12.4,2
2026-06-01,A006,Redwood Partners,860,455,0.53,1333,87,114,15.7,3
2026-07-01,A006,Redwood Partners,860,441,0.514,940,114,222,31.0,1
2026-08-01,A006,Redwood Partners,860,416,0.484,2006,152,157,18.2,4
2026-09-01,A006,Redwood Partners,860,444,0.517,2222,82,240,23.5,0
2026-01-01,A007,Clear Enterprises,105,39,0.373,169,14,5,22.9,0
2026-02-01,A007,Clear Enterprises,105,34,0.329,70,2,13,28.7,2
2026-03-01,A007,Clear Enterprises,105,39,0.379,148,16,19,20.3,4
2026-04-01,A007,Clear Enterprises,105,36,0.348,169,3,17,29.7,0
2026-05-01,A007,Clear Enterprises,105,37,0.353,179,14,15,30.3,0
2026-06-01,A007,Clear Enterprises,105,39,0.379,105,2,17,26.4,2
2026-07-01,A007,Clear Enterprises,105,45,0.429,99,19,7,26.8,0
2026-08-01,A007,Clear Enterprises,105,40,0.383,150,16,19,21.0,8
2026-09-01,A007,Clear Enterprises,105,39,0.377,89,12,18,29.6,2
2026-01-01,A008,Atlas Works,201,184,0.919,819,11,71,17.8,1
2026-02-01,A008,Atlas Works,201,190,0.947,807,55,43,12.6,0
2026-03-01,A008,Atlas Works,201,189,0.944,780,69,61,10.9,0
2026-04-01,A008,Atlas Works,201,187,0.933,810,15,67,16.9,0
2026-05-01,A008,Atlas Works,201,186,0.929,418,52,35,6.2,0
2026-06-01,A008,Atlas Works,201,183,0.914,650,38,92,23.4,1
2026-07-01,A008,Atlas Works,201,194,0.97,1061,58,70,5.5,1
2026-08-01,A008,Atlas Works,201,192,0.958,1017,76,70,14.8,0
2026-09-01,A008,Atlas Works,201,186,0.929,653,27,40,13.7,0
2026-01-01,A009,Peak Industries,504,377,0.749,819,75,65,13.2,0
2026-02-01,A009,Peak Industries,504,346,0.688,1478,35,92,11.8,4
2026-03-01,A009,Peak Industries,504,365,0.726,1556,113,86,12.5,6
2026-04-01,A009,Peak Industries,504,378,0.751,1698,119,146,13.7,0
2026-05-01,A009,Peak Industries,504,367,0.729,1606,80,179,18.9,2
2026-06-01,A009,Peak Industries,504,383,0.761,2048,94,122,12.1,1
2026-07-01,A009,Peak Industries,504,370,0.735,943,100,55,19.1,0
2026-08-01,A009,Peak Industries,504,384,0.762,1319,137,82,15.7,2
2026-09-01,A009,Peak Industries,504,395,0.784,1454,127,161,12.9,0
2026-01-01,A010,Clear Industries,569,278,0.49,1321,31,149,22.9,2
2026-02-01,A010,Clear Industries,569,269,0.474,590,17,27,28.1,7
2026-03-01,A010,Clear Industries,569,255,0.449,1298,81,72,29.8,4
2026-04-01,A010,Clear Industries,569,282,0.497,1405,58,134,15.7,0
2026-05-01,A010,Clear Industries,569,286,0.504,710,85,123,21.8,1
2026-06-01,A010,Clear Industries,569,277,0.487,1076,34,142,21.9,3
2026-07-01,A010,Clear Industries,569,271,0.477,548,39,135,14.2,4
2026-08-01,A010,Clear Industries,569,275,0.484,1046,33,134,21.7,3
2026-09-01,A010,Clear Industries,569,264,0.464,1065,52,68,20.0,0
2026-01-01,A011,Summit Brands,2504,1197,0.478,4537,400,257,16.7,4
2026-02-01,A011,Summit Brands,2504,1140,0.455,4006,381,572,21.7,2
2026-03-01,A011,Summit Brands,2504,1172,0.468,4698,395,297,24.2,1
2026-04-01,A011,Summit Brands,2504,1205,0.481,4042,202,245,24.8,1
2026-05-01,A011,Summit Brands,2504,1276,0.51,5031,272,634,14.0,0
2026-06-01,A011,Summit Brands,2504,1125,0.449,2438,390,431,28.6,3
2026-07-01,A011,Summit Brands,2504,1171,0.468,3747,472,499,12.3,3
2026-08-01,A011,Summit Brands,2504,1180,0.471,3220,87,371,13.0,1
2026-09-01,A011,Summit Brands,2504,1307,0.522,5591,512,515,22.7,1
2026-01-01,A012,Redwood Group,747,555,0.743,1991,70,95,12.4,3
2026-02-01,A012,Redwood Group,747,549,0.735,1745,220,83,14.8,3
2026-03-01,A012,Redwood Group,747,546,0.732,2469,229,201,17.7,0
2026-04-01,A012,Redwood Group,747,568,0.761,2100,72,79,22.6,0
2026-05-01,A012,Redwood Group,747,542,0.727,2326,94,85,17.5,0
2026-06-01,A012,Redwood Group,747,577,0.774,1377,77,297,25.4,2
2026-07-01,A012,Redwood Group,747,595,0.797,1235,177,66,15.7,6
2026-08-01,A012,Redwood Group,747,583,0.781,1237,82,62,7.8,1
2026-09-01,A012,Redwood Group,747,593,0.795,1859,186,284,11.1,0
2026-01-01,A013,Redwood Health,642,444,0.692,2104,109,63,17.0,4
2026-02-01,A013,Redwood Health,642,459,0.716,1146,160,207,20.8,0
2026-03-01,A013,Redwood Health,642,456,0.711,2375,59,201,17.9,0
2026-04-01,A013,Redwood Health,642,471,0.734,1765,127,119,4.5,4
2026-05-01,A013,Redwood Health,642,504,0.787,1660,37,225,14.7,1
2026-06-01,A013,Redwood Health,642,484,0.754,1473,58,245,15.4,2
2026-07-01,A013,Redwood Health,642,478,0.746,2349,182,160,6.0,0
2026-08-01,A013,Redwood Health,642,500,0.78,2296,164,203,14.2,0
2026-09-01,A013,Redwood Health,642,492,0.768,1679,75,182,7.1,3
2026-01-01,A014,Cedar Foods,452,388,0.859,834,90,110,15.0,0
2026-02-01,A014,Cedar Foods,452,393,0.871,1317,114,90,4,3
2026-03-01,A014,Cedar Foods,452,377,0.834,794,143,162,14.4,2
2026-04-01,A014,Cedar Foods,452,382,0.847,1987,40,43,12.0,1
2026-05-01,A014,Cedar Foods,452,391,0.865,1634,169,132,10.9,4
2026-06-01,A014,Cedar Foods,452,393,0.87,1721,159,134,15.9,1
2026-07-01,A014,Cedar Foods,452,368,0.816,2022,138,187,16.1,4
2026-08-01,A014,Cedar Foods,452,379,0.84,1274,142,91,20.3,0
2026-09-01,A014,Cedar Foods,452,383,0.849,1060,44,144,27.1,0
2026-01-01,A015,Atlas Hospitality,238,198,0.836,531,49,91,16.5,0
2026-02-01,A015,Atlas Hospitality,238,189,0.796,387,75,92,13.6,0
2026-03-01,A015,Atlas Hospitality,238,198,0.833,412,56,54,16.3,0
2026-04-01,A015,Atlas Hospitality,238,194,0.817,669,23,40,15.3,0
2026-05-01,A015,Atlas Hospitality,238,201,0.848,964,40,46,8.0,0
2026-06-01,A015,Atlas Hospitality,238,198,0.835,984,35,40,23.4,0
2026-07-01,A015,Atlas Hospitality,238,196,0.825,545,38,39,11.1,3
2026-08-01,A015,Atlas Hospitality,238,204,0.861,938,52,36,7.9,0
2026-09-01,A015,Atlas Hospitality,238,208,0.878,1129,23,30,24.1,0
2026-01-01,A016,Ever Manufacturing,2675,1529,0.572,3585,501,564,8.6,2
2026-02-01,A016,Ever Manufacturing,2675,1464,0.547,6693,438,213,32.8,3
2026-03-01,A016,Ever Manufacturing,2675,1494,0.559,5059,443,328,22.9,2
2026-04-01,A016,Ever Manufacturing,2675,1374,0.514,6660,110,418,33.9,1
2026-05-01,A016,Ever Manufacturing,2675,1362,0.509,7200,219,232,17.4,5
2026-06-01,A016,Ever Manufacturing,2675,1556,0.582,7887,112,557,22.2,2
2026-07-01,A016,Ever Manufacturing,2675,1459,0.545,4664,596,457,17.2,1
2026-08-01,A016,Ever Manufacturing,2675,1395,0.522,5433,153,680,17.4,4
2026-09-01,A016,Ever Manufacturing,2675,1440,0.539,7095,515,270,18.2,2
2026-01-01,A017,North Services,3807,3610,0.948,7323,1512,413,9.4,8
2026-02-01,A017,North Services,3807,3578,0.94,8942,1038,1343,13.4,5
2026-03-01,A017,North Services,3807,3638,0.956,15445,1257,1175,20.0,7
2026-04-01,A017,North Services,3807,3625,0.952,17280,1193,1229,15.2,6
2026-05-01,A017,North Services,3807,3756,0.987,10202,1087,1655,4.9,6
2026-06-01,A017,North Services,3807,3639,0.956,13670,1119,1195,10.2,0
2026-07-01,A017,North Services,3807,3768,0.99,17566,1681,1172,18.7,4
2026-08-01,A017,North Services,3807,3656,0.96,8868,385,962,11.4,1
2026-09-01,A017,North Services,3807,3754,0.986,8835,231,768,11.2,5
2026-01-01,A018,Cobalt Manufacturing,1574,880,0.56,4717,395,356,16.5,8
2026-02-01,A018,Cobalt Manufacturing,1574,883,0.561,1888,262,391,22.0,11
2026-03-01,A018,Cobalt Manufacturing,1574,799,0.508,2576,205,189,18.4,10
2026-04-01,A018,Cobalt Manufacturing,1574,804,0.511,2245,232,240,24.8,13
2026-05-01,A018,Cobalt Manufacturing,1574,768,0.489,3832,163,170,26.1,9
2026-06-01,A018,Cobalt Manufacturing,1574,784,0.499,2889,98,378,17.2,19
2026-07-01,A018,Cobalt Manufacturing,1574,744,0.473,3973,75,114,17.3,9
2026-08-01,A018,Cobalt Manufacturing,1574,702,0.446,2030,305,287,18.7,9
2026-09-01,A018,Cobalt Manufacturing,1574,707,0.45,2384,137,187,25.9,12
2026-01-01,A019,Silver Industries,3593,2754,0.767,13409,1038,904,14.0,4
2026-02-01,A019,Silver Industries,3593,2913,0.811,15868,797,753,14.9,5
2026-03-01,A019,Silver Industries,3593,2860,0.796,13498,473,1048,16.5,4
2026-04-01,A019,Silver Industries,3593,2856,0.795,6838,187,613,18.1,5
2026-05-01,A019,Silver Industries,3593,2853,0.794,7617,724,915,23.0,8
2026-06-01,A019,Silver Industries,3593,3093,0.861,9918,349,1594,17.5,7
2026-07-01,A019,Silver Industries,3593,2911,0.81,10684,605,685,21.2,4
2026-08-01,A019,Silver Industries,3593,3007,0.837,8024,1014,315,12.3,3
2026-09-01,A019,Silver Industries,3593,2937,0.818,15647,457,1224,19.0,0
2026-01-01,A020,Clear Holdings,925,536,0.58,1248,162,210,17.9,4
2026-02-01,A020,Clear Holdings,925,497,0.538,1833,186,188,15.9,0
2026-03-01,A020,Clear Holdings,925,511,0.553,2765,45,159,21.5,0
2026-04-01,A020,Clear Holdings,925,544,0.588,2182,145,244,27.8,0
2026-05-01,A020,Clear Holdings,925,530,0.574,2906,194,55,18.7,2
2026-06-01,A020,Clear Holdings,925,476,0.515,1133,148,150,18.4,2
2026-07-01,A020,Clear Holdings,925,535,0.579,2574,173,168,12.6,0
2026-08-01,A020,Clear Holdings,925,509,0.551,2418,151,175,14.2,2
2026-09-01,A020,Clear Holdings,925,547,0.592,1603,38,192,8.8,4
2026-01-01,A021,Iron Enterprises,1302,732,0.562,3756,267,97,19.3,4
2026-02-01,A021,Iron Enterprises,1302,771,0.592,3642,293,145,20.6,4
2026-03-01,A021,Iron Enterprises,1302,766,0.589,3244,340,411,18.9,3
2026-04-01,A021,Iron Enterprises,1302,763,0.586,2242,170,166,25.0,2
2026-05-01,A021,Iron Enterprises,1302,836,0.642,4004,162,299,21.8,1
2026-06-01,A021,Iron Enterprises,1302,828,0.637,3179,124,216,25.9,3
2026-07-01,A021,Iron Enterprises,1302,784,0.602,3244,282,185,26.1,4
2026-08-01,A021,Iron Enterprises,1302,817,0.628,3790,58,89,19.1,3
2026-09-01,A021,Iron Enterprises,1302,752,0.578,3777,161,112,26.0,1
2026-01-01,A022,Blue Financial,1773,1198,0.676,3026,274,481,16.1,5
2026-02-01,A022,Blue Financial,1773,1213,0.685,6195,178,323,19.9,5
2026-03-01,A022,Blue Financial,1773,1157,0.653,2354,185,578,18.8,9
2026-04-01,A022,Blue Financial,1773,1194,0.674,3858,256,383,18.0,6
2026-05-01,A022,Blue Financial,1773,1147,0.647,2995,199,269,13.4,7
2026-06-01,A022,Blue Financial,1773,1197,0.675,4185,156,413,13.3,9
2026-07-01,A022,Blue Financial,1773,1229,0.694,4818,355,502,22.3,5
2026-08-01,A022,Blue Financial,1773,1234,0.696,5991,266,492,15.2,7
2026-09-01,A022,Blue Financial,1773,1239,0.699,6333,527,190,19.6,4
2026-01-01,A023,Peak Networks,561,461,0.823,2404,75,247,8.6,2
2026-02-01,A023,Peak Networks,561,514,0.917,2547,68,192,21.1,0
2026-03-01,A023,Peak Networks,561,493,0.88,2210,134,213,7.3,7
2026-04-01,A023,Peak Networks,561,487,0.868,1279,87,231,11.5,3
2026-05-01,A023,Peak Networks,561,484,0.863,1468,131,247,10.5,1
2026-06-01,A023,Peak Networks,561,495,0.883,2178,154,146,15.0,2
2026-07-01,A023,Peak Networks,561,481,0.858,1724,130,167,16.1,1
2026-08-01,A023,Peak Networks,561,504,0.899,1125,178,87,14.7,3
2026-09-01,A023,Peak Networks,561,493,0.879,2419,166,56,16.2,4
2026-01-01,A024,Cedar Networks,2657,1537,0.579,8050,462,676,18.4,8
2026-02-01,A024,Cedar Networks,2657,1628,0.613,5904,224,780,29.0,1
2026-03-01,A024,Cedar Networks,2657,1597,0.601,8271,558,595,20.8,5
2026-04-01,A024,Cedar Networks,2657,1496,0.563,3438,372,437,21.8,0
2026-05-01,A024,Cedar Networks,2657,1595,0.601,8578,378,748,18.2,1
2026-06-01,A024,Cedar Networks,2657,1624,0.611,4487,696,812,19.5,4
2026-07-01,A024,Cedar Networks,2657,1551,0.584,7160,288,723,21.5,5
2026-08-01,A024,Cedar Networks,2657,1467,0.552,3706,413,438,23.1,3
2026-09-01,A024,Cedar Networks,2657,1471,0.554,3419,590,569,14.0,6
2026-01-01,A025,Maple Networks,917,579,0.632,3130,139,67,9.6,6
2026-02-01,A025,Maple Networks,917,520,0.568,1643,173,206,18.9,4
2026-03-01,A025,Maple Networks,917,593,0.647,2286,39,146,20.6,9
2026-04-01,A025,Maple Networks,917,567,0.619,1681,53,92,16.9,6
2026-05-01,A025,Maple Networks,917,563,0.614,2267,208,260,7.4,6
2026-06-01,A025,Maple Networks,917,538,0.587,1770,184,81,10.5,8
2026-07-01,A025,Maple Networks,917,604,0.659,1240,261,319,13.6,8
2026-08-01,A025,Maple Networks,917,572,0.624,2044,73,93,21.7,7
2026-09-01,A025,Maple Networks,917,568,0.62,1814,103,279,29.0,3
2026-01-01,A026,Cobalt Solutions,697,616,0.884,1779,118,204,13.2,0
2026-02-01,A026,Cobalt Solutions,697,607,0.872,2185,142,146,12.6,0
2026-03-01,A026,Cobalt Solutions,697,628,0.901,3256,210,101,21.7,3
2026-04-01,A026,Cobalt Solutions,697,627,0.9,3256,228,327,14.8,3
2026-05-01,A026,Cobalt Solutions,697,632,0.907,2981,248,162,19.1,6
2026-06-01,A026,Cobalt Solutions,697,616,0.884,1888,187,100,21.0,0
2026-07-01,A026,Cobalt Solutions,697,643,0.923,2311,284,200,12.6,6
2026-08-01,A026,Cobalt Solutions,697,648,0.931,2997,105,264,14.6,2
2026-09-01,A026,Cobalt Solutions,697,647,0.929,1581,121,117,17.2,2
2026-01-01,A027,River Industries,223,149,0.669,460,19,79,17.6,1
2026-02-01,A027,River Industries,223,157,0.708,446,39,71,15.8,0
2026-03-01,A027,River Industries,223,161,0.725,871,59,62,24.3,2
2026-04-01,A027,River Industries,223,159,0.716,811,43,38,8.3,0
2026-05-01,A027,River Industries,223,167,0.75,354,71,24,13.4,2
2026-06-01,A027,River Industries,223,163,0.733,520,15,44,12.7,0
2026-07-01,A027,River Industries,223,160,0.722,824,8,43,11.1,0
2026-08-01,A027,River Industries,223,160,0.718,775,33,85,16.5,0
2026-09-01,A027,River Industries,223,164,0.736,643,28,41,16.0,0
2026-01-01,A028,Atlas Financial,3864,2634,0.682,7692,132,776,25.4,0
2026-02-01,A028,Atlas Financial,3864,2722,0.705,10898,377,475,22.3,3
2026-03-01,A028,Atlas Financial,3864,2677,0.693,14521,828,974,9.9,7
2026-04-01,A028,Atlas Financial,3864,2504,0.648,5608,710,808,12.7,6
2026-05-01,A028,Atlas Financial,3864,2625,0.68,6186,1129,418,15.9,6
2026-06-01,A028,Atlas Financial,3864,2372,0.614,6282,346,992,29.3,4
2026-07-01,A028,Atlas Financial,3864,2627,0.68,6656,464,473,15.3,3
2026-08-01,A028,Atlas Financial,3864,2675,0.692,8653,237,353,17.7,1
2026-09-01,A028,Atlas Financial,3864,2775,0.718,11303,147,1229,17.4,7
2026-01-01,A029,Cedar Financial,1303,664,0.51,2354,213,294,24.1,4
2026-02-01,A029,Cedar Financial,1303,677,0.52,2060,113,305,24.7,8
2026-03-01,A029,Cedar Financial,1303,678,0.52,2855,275,141,23.8,4
2026-04-01,A029,Cedar Financial,1303,614,0.472,3359,113,239,28.7,9
2026-05-01,A029,Cedar Financial,1303,634,0.487,2280,176,309,17.1,6
2026-06-01,A029,Cedar Financial,1303,616,0.473,3008,229,232,27.2,6
2026-07-01,A029,Cedar Financial,1303,646,0.496,2244,122,308,32.1,8
2026-08-01,A029,Cedar Financial,1303,606,0.465,2384,148,107,16.5,6
2026-09-01,A029,Cedar Financial,1303,671,0.516,2518,185,349,14.6,8
2026-01-01,A030,Harbor Partners,224,221,0.99,948,92,120,18.8,1
2026-02-01,A030,Harbor Partners,224,221,0.99,917,39,50,8.5,0
2026-03-01,A030,Harbor Partners,224,221,0.99,468,57,55,4.4,4
2026-04-01,A030,Harbor Partners,224,218,0.977,714,16,103,11.6,6
2026-05-01,A030,Harbor Partners,224,221,0.99,485,47,80,12.5,0
2026-06-01,A030,Harbor Partners,224,207,0.927,618,46,87,21.1,1
2026-07-01,A030,Harbor Partners,224,221,0.99,1138,45,83,21.4,3
2026-08-01,A030,Harbor Partners,224,220,0.983,871,90,60,11.2,1
2026-09-01,A030,Harbor Partners,224,221,0.99,871,11,65,11.5,0
2026-01-01,A031,River Solutions,582,346,0.596,1455,114,60,25.0,4
2026-02-01,A031,River Solutions,582,349,0.6,1498,26,190,14.5,4
2026-03-01,A031,River Solutions,582,362,0.622,1631,25,73,19.9,2
2026-04-01,A031,River Solutions,582,348,0.599,1890,56,133,22.3,0
2026-05-01,A031,River Solutions,582,338,0.581,1593,77,178,17.1,7
2026-06-01,A031,River Solutions,582,341,0.587,760,35,111,13.1,5
2026-07-01,A031,River Solutions,582,353,0.607,1869,151,100,24.5,2
2026-08-01,A031,River Solutions,582,320,0.55,1690,133,115,9.7,1
2026-09-01,A031,River Solutions,582,344,0.593,1821,100,61,23.7,5
2026-01-01,A032,Cedar Manufacturing,460,302,0.658,1252,84,39,24.1,0
2026-02-01,A032,Cedar Manufacturing,460,316,0.687,909,39,104,18.5,4
2026-03-01,A032,Cedar Manufacturing,460,310,0.676,1448,54,105,26.8,7
2026-04-01,A032,Cedar Manufacturing,460,294,0.64,1335,72,40,9.8,4
2026-05-01,A032,Cedar Manufacturing,460,306,0.667,1507,53,31,16.7,2
2026-06-01,A032,Cedar Manufacturing,460,307,0.667,1040,135,134,13.5,6
2026-07-01,A032,Cedar Manufacturing,460,313,0.682,998,124,143,17.9,3
2026-08-01,A032,Cedar Manufacturing,460,335,0.728,1768,48,108,12.2,5
2026-09-01,A032,Cedar Manufacturing,460,315,0.687,995,98,75,14.4,3
2026-01-01,A033,Atlas Foods,625,457,0.731,2312,64,99,13.8,8
2026-02-01,A033,Atlas Foods,625,473,0.757,1824,200,144,14.5,7
2026-03-01,A033,Atlas Foods,625,465,0.745,2124,154,161,13.5,4
2026-04-01,A033,Atlas Foods,625,514,0.824,1914,227,103,17.4,5
2026-05-01,A033,Atlas Foods,625,509,0.816,2091,111,161,11.0,4
2026-06-01,A033,Atlas Foods,625,453,0.725,1892,40,117,18.0,4
2026-07-01,A033,Atlas Foods,625,514,0.823,2529,49,168,12.1,4
2026-08-01,A033,Atlas Foods,625,503,0.806,2406,93,122,25.8,3
2026-09-01,A033,Atlas Foods,625,511,0.818,2376,192,224,10.5,7
2026-01-01,A034,Blue Holdings,238,194,0.819,567,82,94,10.3,4
2026-02-01,A034,Blue Holdings,238,210,0.883,930,12,104,8.6,0
2026-03-01,A034,Blue Holdings,238,201,0.846,854,74,21,17.2,0
2026-04-01,A034,Blue Holdings,238,214,0.901,1172,60,32,8.6,0
2026-05-01,A034,Blue Holdings,238,207,0.873,682,26,44,18.7,7
2026-06-01,A034,Blue Holdings,238,206,0.868,1084,37,82,9.1,0
2026-07-01,A034,Blue Holdings,238,210,0.885,933,31,106,16.3,0
2026-08-01,A034,Blue Holdings,238,205,0.863,437,14,20,19.0,2
2026-09-01,A034,Blue Holdings,238,207,0.871,1117,33,97,9.3,0
2026-01-01,A035,Blue Enterprises,180,110,0.616,573,10,24,19.4,0
2026-02-01,A035,Blue Enterprises,180,113,0.633,485,19,15,16.9,0
2026-03-01,A035,Blue Enterprises,180,120,0.667,458,42,37,18.2,3
2026-04-01,A035,Blue Enterprises,180,118,0.656,600,16,50,20.6,5
2026-05-01,A035,Blue Enterprises,180,120,0.669,487,51,33,16.0,0
2026-06-01,A035,Blue Enterprises,180,114,0.639,254,27,14,12.3,6
2026-07-01,A035,Blue Enterprises,180,114,0.638,423,29,61,20.5,2
2026-08-01,A035,Blue Enterprises,180,123,0.686,272,49,15,9.5,0
2026-09-01,A035,Blue Enterprises,180,126,0.704,515,9,30,18.3,0
2026-01-01,A036,Atlas Industries,249,193,0.777,825,86,83,17.5,0
2026-02-01,A036,Atlas Industries,249,192,0.773,479,81,19,26.1,0
2026-03-01,A036,Atlas Industries,249,207,0.834,971,75,31,4.6,0
2026-04-01,A036,Atlas Industries,249,200,0.805,774,59,30,15.3,1
2026-05-01,A036,Atlas Industries,249,202,0.813,1004,66,57,4,3
2026-06-01,A036,Atlas Industries,249,203,0.818,509,41,77,10.3,0
2026-07-01,A036,Atlas Industries,249,199,0.8,622,42,46,8.3,0
2026-08-01,A036,Atlas Industries,249,203,0.819,1093,34,94,20.1,1
2026-09-01,A036,Atlas Industries,249,216,0.871,453,80,22,15.2,5
2026-01-01,A037,Blue Logistics,3044,1892,0.622,4790,798,648,20.7,9
2026-02-01,A037,Blue Logistics,3044,1924,0.632,7561,220,673,17.8,5
2026-03-01,A037,Blue Logistics,3044,1881,0.618,9303,822,868,23.6,7
2026-04-01,A037,Blue Logistics,3044,1863,0.612,7325,475,1014,20.9,6
2026-05-01,A037,Blue Logistics,3044,1865,0.613,4228,804,964,14.7,4
2026-06-01,A037,Blue Logistics,3044,1951,0.641,4799,526,1072,18.6,10
2026-07-01,A037,Blue Logistics,3044,1871,0.615,4495,283,423,16.9,4
2026-08-01,A037,Blue Logistics,3044,1957,0.643,7565,467,1062,23.9,3
2026-09-01,A037,Blue Logistics,3044,1896,0.623,5315,764,627,19.1,6
2026-01-01,A038,Ever Solutions,247,96,0.39,395,38,26,19.6,2
2026-02-01,A038,Ever Solutions,247,114,0.465,493,37,22,15.7,0
2026-03-01,A038,Ever Solutions,247,108,0.438,498,25,52,23.0,2
2026-04-01,A038,Ever Solutions,247,101,0.412,392,37,38,24.8,3
2026-05-01,A038,Ever Solutions,247,115,0.468,457,36,51,19.3,1
2026-06-01,A038,Ever Solutions,247,115,0.468,427,38,63,19.1,5
2026-07-01,A038,Ever Solutions,247,114,0.465,455,36,48,17.5,3
2026-08-01,A038,Ever Solutions,247,107,0.434,404,9,51,18.9,0
2026-09-01,A038,Ever Solutions,247,98,0.397,472,29,28,20.6,4
2026-01-01,A039,Harbor Financial,2731,1942,0.711,10609,490,257,13.4,7
2026-02-01,A039,Harbor Financial,2731,2062,0.755,8922,763,737,16.6,5
2026-03-01,A039,Harbor Financial,2731,1993,0.73,10023,370,565,15.6,3
2026-04-01,A039,Harbor Financial,2731,1872,0.685,5723,733,293,17.8,5
2026-05-01,A039,Harbor Financial,2731,2078,0.761,11380,566,701,16.8,5
2026-06-01,A039,Harbor Financial,2731,1798,0.659,6599,293,704,20.5,7
2026-07-01,A039,Harbor Financial,2731,2031,0.744,10066,487,1114,12.4,4
2026-08-01,A039,Harbor Financial,2731,1871,0.685,9675,582,385,11.3,4
2026-09-01,A039,Harbor Financial,2731,1986,0.727,7510,702,214,21.4,2
2026-01-01,A040,Pioneer Labs,655,482,0.736,2607,160,199,16.6,4
2026-02-01,A040,Pioneer Labs,655,496,0.758,2462,203,54,17.8,4
2026-03-01,A040,Pioneer Labs,655,485,0.741,1443,191,180,11.4,0
2026-04-01,A040,Pioneer Labs,655,513,0.784,2562,152,208,6.2,1
2026-05-01,A040,Pioneer Labs,655,476,0.728,2607,174,90,20.2,1
2026-06-01,A040,Pioneer Labs,655,498,0.76,2178,49,195,19.7,0
2026-07-01,A040,Pioneer Labs,655,519,0.794,2778,76,142,8.6,4
2026-08-01,A040,Pioneer Labs,655,488,0.746,1642,141,230,11.7,0
2026-09-01,A040,Pioneer Labs,655,527,0.806,2505,130,140,20.9,4
2026-01-01,A041,Silver Collective,988,633,0.641,2994,210,165,15.5,1
2026-02-01,A041,Silver Collective,988,659,0.668,2339,136,226,22.1,5
2026-03-01,A041,Silver Collective,988,674,0.683,1832,220,305,19.3,1
2026-04-01,A041,Silver Collective,988,683,0.691,3576,285,258,19.5,3
2026-05-01,A041,Silver Collective,988,663,0.672,3530,62,330,16.4,3
2026-06-01,A041,Silver Collective,988,694,0.703,1411,190,307,23.2,5
2026-07-01,A041,Silver Collective,988,704,0.713,1754,196,107,23.9,0
2026-08-01,A041,Silver Collective,988,698,0.707,1499,102,226,15.2,4
2026-09-01,A041,Silver Collective,988,713,0.723,3188,287,213,11.9,4
2026-01-01,A042,Cobalt Enterprises,2500,1754,0.702,4855,729,458,18.0,2
2026-02-01,A042,Cobalt Enterprises,2500,1685,0.674,7907,339,528,22.4,7
2026-03-01,A042,Cobalt Enterprises,2500,1765,0.706,5172,569,341,7.5,6
2026-04-01,A042,Cobalt Enterprises,2500,1828,0.731,5463,516,627,19.8,7
2026-05-01,A042,Cobalt Enterprises,2500,1744,0.698,7518,305,198,20.4,5
2026-06-01,A042,Cobalt Enterprises,2500,1657,0.663,8826,349,503,10.6,2
2026-07-01,A042,Cobalt Enterprises,2500,1710,0.684,7820,268,838,11.3,5
2026-08-01,A042,Cobalt Enterprises,2500,1915,0.766,8726,400,395,17.5,3
2026-09-01,A042,Cobalt Enterprises,2500,1722,0.689,7361,433,272,25.1,6
2026-01-01,A043,Peak Manufacturing,1712,1314,0.768,5868,85,513,10.2,2
2026-02-01,A043,Peak Manufacturing,1712,1395,0.815,4865,544,666,18.8,4
2026-03-01,A043,Peak Manufacturing,1712,1344,0.785,6372,541,379,20.9,7
2026-04-01,A043,Peak Manufacturing,1712,1369,0.8,5140,489,640,14.3,5
2026-05-01,A043,Peak Manufacturing,1712,1264,0.739,6415,147,549,19.9,2
2026-06-01,A043,Peak Manufacturing,1712,1308,0.764,6443,435,304,14.6,9
2026-07-01,A043,Peak Manufacturing,1712,1369,0.8,6183,404,702,8.9,7
2026-08-01,A043,Peak Manufacturing,1712,1274,0.745,2696,455,613,17.3,5
2026-09-01,A043,Peak Manufacturing,1712,1323,0.773,2723,263,457,13.3,1
2026-01-01,A044,Ever Enterprises,219,108,0.496,436,29,46,21.4,0
2026-02-01,A044,Ever Enterprises,219,107,0.492,246,42,43,16.7,0
2026-03-01,A044,Ever Enterprises,219,109,0.498,514,29,24,20.8,1
2026-04-01,A044,Ever Enterprises,219,107,0.491,214,25,25,20.0,0
2026-05-01,A044,Ever Enterprises,219,117,0.534,574,12,35,17.6,2
2026-06-01,A044,Ever Enterprises,219,111,0.508,455,29,48,21.3,1
2026-07-01,A044,Ever Enterprises,219,113,0.516,283,47,42,18.9,0
2026-08-01,A044,Ever Enterprises,219,110,0.504,341,34,57,17.3,0
2026-09-01,A044,Ever Enterprises,219,102,0.468,425,41,42,17.7,0
2026-01-01,A045,Ever Labs,221,125,0.568,586,28,59,23.8,1
2026-02-01,A045,Ever Labs,221,128,0.581,579,11,25,19.1,0
2026-03-01,A045,Ever Labs,221,131,0.597,569,55,15,21.3,3
2026-04-01,A045,Ever Labs,221,124,0.562,557,15,61,33.9,0
2026-05-01,A045,Ever Labs,221,146,0.664,416,14,57,10.8,6
2026-06-01,A045,Ever Labs,221,125,0.567,268,33,41,13.7,1
2026-07-01,A045,Ever Labs,221,137,0.622,596,53,63,22.8,3
2026-08-01,A045,Ever Labs,221,142,0.644,411,61,76,20.8,0
2026-09-01,A045,Ever Labs,221,134,0.606,373,18,46,20.7,2
2026-01-01,A046,Clear Brands,575,225,0.392,999,58,81,29.3,0
2026-02-01,A046,Clear Brands,575,219,0.382,974,75,79,26.6,3
2026-03-01,A046,Clear Brands,575,218,0.379,1052,86,24,21.2,2
2026-04-01,A046,Clear Brands,575,230,0.401,1046,87,41,26.5,4
2026-05-01,A046,Clear Brands,575,226,0.395,1011,67,120,22.5,2
2026-06-01,A046,Clear Brands,575,200,0.348,913,71,94,30.1,0
2026-07-01,A046,Clear Brands,575,242,0.421,1222,18,64,25.2,4
2026-08-01,A046,Clear Brands,575,210,0.367,559,23,35,33.7,4
2026-09-01,A046,Clear Brands,575,195,0.341,424,24,76,18.0,0
2026-01-01,A047,Harbor Health,191,94,0.494,235,32,20,17.3,2
2026-02-01,A047,Harbor Health,191,98,0.514,379,33,51,19.5,0
2026-03-01,A047,Harbor Health,191,104,0.547,260,13,42,16.4,3
2026-04-01,A047,Harbor Health,191,98,0.515,220,18,47,14.7,0
2026-05-01,A047,Harbor Health,191,98,0.518,420,10,26,9.1,0
2026-06-01,A047,Harbor Health,191,89,0.468,279,33,46,12.8,2
2026-07-01,A047,Harbor Health,191,101,0.533,222,33,42,30.3,2
2026-08-01,A047,Harbor Health,191,103,0.542,556,45,28,21.4,0
2026-09-01,A047,Harbor Health,191,103,0.542,333,30,37,30.2,0
2026-01-01,A048,Ever Systems,155,136,0.879,586,14,36,4,0
2026-02-01,A048,Ever Systems,155,137,0.884,300,21,43,20.1,0
2026-03-01,A048,Ever Systems,155,130,0.841,459,37,14,11.7,0
2026-04-01,A048,Ever Systems,155,138,0.891,662,46,19,15.3,0
2026-05-01,A048,Ever Systems,155,140,0.904,676,9,48,4,2
2026-06-01,A048,Ever Systems,155,138,0.894,470,59,44,8.8,1
2026-07-01,A048,Ever Systems,155,150,0.97,324,60,20,18.1,0
2026-08-01,A048,Ever Systems,155,143,0.924,366,55,22,7.4,0
2026-09-01,A048,Ever Systems,155,135,0.874,546,47,23,18.9,0
2026-01-01,A049,Pioneer Technologies,1948,1094,0.562,3679,139,209,22.2,4
2026-02-01,A049,Pioneer Technologies,1948,1109,0.57,4144,422,405,16.9,6
2026-03-01,A049,Pioneer Technologies,1948,1077,0.553,5429,340,539,21.3,3
2026-04-01,A049,Pioneer Technologies,1948,1172,0.602,2763,181,401,4.6,2
2026-05-01,A049,Pioneer Technologies,1948,1072,0.55,4568,223,226,16.1,6
2026-06-01,A049,Pioneer Technologies,1948,1158,0.594,6046,216,303,24.2,4
2026-07-01,A049,Pioneer Technologies,1948,1109,0.569,5850,162,430,26.9,5
2026-08-01,A049,Pioneer Technologies,1948,1256,0.645,6109,466,519,11.6,7
2026-09-01,A049,Pioneer Technologies,1948,1133,0.582,3774,155,539,10.4,2
2026-01-01,A050,Blue Solutions,1770,1322,0.747,5855,564,667,20.2,0
2026-02-01,A050,Blue Solutions,1770,1379,0.779,4114,559,555,20.2,3
2026-03-01,A050,Blue Solutions,1770,1477,0.835,4699,640,725,16.3,3
2026-04-01,A050,Blue Solutions,1770,1429,0.807,5421,467,774,16.9,3
2026-05-01,A050,Blue Solutions,1770,1407,0.795,7591,602,538,10.6,3
2026-06-01,A050,Blue Solutions,1770,1380,0.78,4298,459,376,7.3,0
2026-07-01,A050,Blue Solutions,1770,1468,0.83,4157,218,731,9.7,0
2026-08-01,A050,Blue Solutions,1770,1412,0.798,4613,78,452,13.2,3
2026-09-01,A050,Blue Solutions,1770,1428,0.807,4234,466,684,11.7,3
2026-01-01,A051,Maple Manufacturing,228,165,0.725,727,25,72,16.8,1
2026-02-01,A051,Maple Manufacturing,228,172,0.755,474,43,60,23.6,5
2026-03-01,A051,Maple Manufacturing,228,167,0.734,895,9,35,12.3,1
2026-04-01,A051,Maple Manufacturing,228,177,0.779,705,38,39,26.0,0
2026-05-01,A051,Maple Manufacturing,228,178,0.782,661,21,80,13.5,0
2026-06-01,A051,Maple Manufacturing,228,180,0.79,786,43,78,13.1,2
2026-07-01,A051,Maple Manufacturing,228,175,0.771,455,34,81,19.9,0
2026-08-01,A051,Maple Manufacturing,228,182,0.801,716,70,30,5.5,0
2026-09-01,A051,Maple Manufacturing,228,184,0.81,617,21,52,12.9,0
2026-01-01,A052,Cobalt Financial,662,359,0.543,998,75,188,22.5,5
2026-02-01,A052,Cobalt Financial,662,358,0.541,952,111,144,22.0,5
2026-03-01,A052,Cobalt Financial,662,361,0.546,1765,70,189,15.6,3
2026-04-01,A052,Cobalt Financial,662,333,0.503,1040,112,147,22.9,4
2026-05-01,A052,Cobalt Financial,662,370,0.559,1052,49,174,9.4,2
2026-06-01,A052,Cobalt Financial,662,346,0.524,1818,33,158,17.3,0
2026-07-01,A052,Cobalt Financial,662,378,0.571,851,43,109,24.9,3
2026-08-01,A052,Cobalt Financial,662,360,0.544,720,113,96,27.9,0
2026-09-01,A052,Cobalt Financial,662,338,0.511,1716,82,113,22.7,3
2026-01-01,A053,Summit Technologies,2067,1151,0.557,5367,391,425,25.4,5
2026-02-01,A053,Summit Technologies,2067,1100,0.533,2334,458,585,18.0,6
2026-03-01,A053,Summit Technologies,2067,1086,0.525,3768,353,547,25.7,9
2026-04-01,A053,Summit Technologies,2067,1083,0.524,5644,132,535,23.2,6
2026-05-01,A053,Summit Technologies,2067,1139,0.551,2916,477,293,31.6,5
2026-06-01,A053,Summit Technologies,2067,1053,0.51,4047,54,343,24.4,4
2026-07-01,A053,Summit Technologies,2067,1102,0.533,3898,278,410,23.1,6
2026-08-01,A053,Summit Technologies,2067,1132,0.548,3798,286,126,24.4,2
2026-09-01,A053,Summit Technologies,2067,1142,0.553,5922,394,437,17.1,6
2026-01-01,A054,North Holdings,447,354,0.793,975,144,67,17.4,1
2026-02-01,A054,North Holdings,447,342,0.767,1875,118,180,21.6,4
2026-03-01,A054,North Holdings,447,348,0.779,1270,155,57,22.9,0
2026-04-01,A054,North Holdings,447,356,0.797,1864,55,37,21.5,0
2026-05-01,A054,North Holdings,447,348,0.779,1022,42,158,19.2,0
2026-06-01,A054,North Holdings,447,362,0.81,833,63,51,17.7,1
2026-07-01,A054,North Holdings,447,374,0.837,1413,20,85,15.2,2
2026-08-01,A054,North Holdings,447,375,0.839,1040,149,59,6.2,2
2026-09-01,A054,North Holdings,447,377,0.845,1843,148,203,11.0,2
2026-01-01,A055,Blue Labs,100,84,0.843,447,26,21,12.1,0
2026-02-01,A055,Blue Labs,100,84,0.845,169,16,38,6.9,0
2026-03-01,A055,Blue Labs,100,86,0.866,269,36,14,7.7,4
2026-04-01,A055,Blue Labs,100,88,0.88,355,6,13,12.5,0
2026-05-01,A055,Blue Labs,100,87,0.871,379,7,32,21.7,0
2026-06-01,A055,Blue Labs,100,91,0.91,215,7,24,10.5,0
2026-07-01,A055,Blue Labs,100,90,0.902,321,20,24,15.6,0
2026-08-01,A055,Blue Labs,100,88,0.888,244,30,26,16.2,0
2026-09-01,A055,Blue Labs,100,90,0.902,237,24,34,4,4
2026-01-01,A056,Bright Works,1407,1069,0.76,2343,223,254,15.8,0
2026-02-01,A056,Bright Works,1407,1092,0.776,4953,318,504,18.8,5
2026-03-01,A056,Bright Works,1407,1107,0.787,6075,156,565,4.3,0
2026-04-01,A056,Bright Works,1407,1071,0.761,5815,285,250,11.6,8
2026-05-01,A056,Bright Works,1407,1002,0.712,2877,282,153,12.1,6
2026-06-01,A056,Bright Works,1407,1106,0.787,2849,237,484,15.6,5
2026-07-01,A056,Bright Works,1407,989,0.704,4104,206,397,16.2,6
2026-08-01,A056,Bright Works,1407,989,0.703,4710,112,354,23.7,7
2026-09-01,A056,Bright Works,1407,1091,0.776,3437,267,454,17.6,4
2026-01-01,A057,Clear Services,152,97,0.64,444,40,35,21.7,1
2026-02-01,A057,Clear Services,152,97,0.64,481,41,42,17.9,0
2026-03-01,A057,Clear Services,152,100,0.658,243,18,29,15.1,1
2026-04-01,A057,Clear Services,152,101,0.67,318,16,43,24.8,1
2026-05-01,A057,Clear Services,152,99,0.651,241,34,31,16.0,5
2026-06-01,A057,Clear Services,152,102,0.673,546,37,51,17.4,5
2026-07-01,A057,Clear Services,152,98,0.647,403,9,44,15.3,3
2026-08-01,A057,Clear Services,152,91,0.6,263,25,20,13.4,3
2026-09-01,A057,Clear Services,152,94,0.619,476,7,46,27.3,1
2026-01-01,A058,Cobalt Group,652,528,0.811,1121,102,159,20.5,0
2026-02-01,A058,Cobalt Group,652,523,0.803,1105,111,275,26.9,0
2026-03-01,A058,Cobalt Group,652,541,0.831,1125,69,245,8.1,0
2026-04-01,A058,Cobalt Group,652,575,0.883,1537,77,166,7.3,1
2026-05-01,A058,Cobalt Group,652,560,0.86,1764,36,99,8.3,0
2026-06-01,A058,Cobalt Group,652,535,0.821,2616,84,208,11.6,0
2026-07-01,A058,Cobalt Group,652,555,0.852,1749,72,163,10.7,0
2026-08-01,A058,Cobalt Group,652,569,0.873,1801,163,156,11.2,0
2026-09-01,A058,Cobalt Group,652,575,0.882,1825,218,82,18.4,2
2026-01-01,A059,Nova Collective,247,225,0.914,1084,19,23,15.7,2
2026-02-01,A059,Nova Collective,247,225,0.911,764,60,77,17.4,0
2026-03-01,A059,Nova Collective,247,228,0.924,969,89,27,18.8,0
2026-04-01,A059,Nova Collective,247,239,0.969,557,81,33,13.1,6
2026-05-01,A059,Nova Collective,247,234,0.95,1211,22,82,17.9,0
2026-06-01,A059,Nova Collective,247,229,0.931,1196,64,63,18.6,1
2026-07-01,A059,Nova Collective,247,237,0.961,1245,59,125,7.3,1
2026-08-01,A059,Nova Collective,247,222,0.903,506,12,41,14.7,0
2026-09-01,A059,Nova Collective,247,230,0.932,944,55,91,16.9,0
2026-01-01,A060,Redwood Hospitality,99,76,0.77,343,18,14,19.8,0
2026-02-01,A060,Redwood Hospitality,99,78,0.792,408,20,18,9.8,0
2026-03-01,A060,Redwood Hospitality,99,76,0.774,302,6,13,19.7,3
2026-04-01,A060,Redwood Hospitality,99,76,0.769,200,5,35,14.6,2
2026-05-01,A060,Redwood Hospitality,99,76,0.773,317,25,14,13.6,0
2026-06-01,A060,Redwood Hospitality,99,81,0.819,205,15,31,19.1,0
2026-07-01,A060,Redwood Hospitality,99,79,0.806,434,7,13,11.4,0
2026-08-01,A060,Redwood Hospitality,99,72,0.736,176,17,19,10.0,1
2026-09-01,A060,Redwood Hospitality,99,78,0.792,372,31,21,13.0,4
