week_start,sales_rep,outbound_calls,emails_sent,meetings_held,demos_completed,proposals_sent
2026-04-06,Avery Chen,59,116,8,7,4
2026-04-06,Marcus Bell,100,158,7,6,6
2026-04-06,Nina Patel,72,131,7,6,6
2026-04-13,Avery Chen,51,99,13,9,5
2026-04-13,Marcus Bell,98,162,12,8,7
2026-04-13,Nina Patel,68,159,11,7,3
2026-04-20,Avery Chen,45,125,11,8,5
2026-04-20,Marcus Bell,107,208,10,6,4
2026-04-20,Nina Patel,73,157,11,9,4
2026-04-27,Avery Chen,63,106,11,7,4
2026-04-27,Marcus Bell,93,183,5,4,8
2026-04-27,Nina Patel,71,122,9,7,4
2026-05-04,Avery Chen,67,126,8,7,4
2026-05-04,Marcus Bell,96,153,5,5,4
2026-05-04,Nina Patel,83,111,5,5,6
2026-05-11,Avery Chen,58,113,15,11,5
2026-05-11,Marcus Bell,107,186,11,7,6
2026-05-11,Nina Patel,69,136,11,7,4
2026-05-18,Avery Chen,52,106,12,10,6
2026-05-18,Marcus Bell,103,197,11,7,8
2026-05-18,Nina Patel,72,146,9,8,6
2026-05-25,Avery Chen,46,136,12,9,4
2026-05-25,Marcus Bell,112,180,8,5,8
2026-05-25,Nina Patel,57,115,11,8,5
2026-06-01,Avery Chen,69,99,17,11,7
2026-06-01,Marcus Bell,81,179,6,5,6
2026-06-01,Nina Patel,79,142,10,8,3
2026-06-08,Avery Chen,53,144,15,10,3
2026-06-08,Marcus Bell,96,165,8,7,5
2026-06-08,Nina Patel,73,151,12,8,4
2026-06-15,Avery Chen,58,133,16,10,6
2026-06-15,Marcus Bell,114,182,9,7,4
2026-06-15,Nina Patel,67,134,8,7,3
2026-06-22,Avery Chen,45,141,10,7,5
2026-06-22,Marcus Bell,76,176,9,8,5
2026-06-22,Nina Patel,75,146,7,7,3
2026-06-29,Avery Chen,56,143,12,10,6
2026-06-29,Marcus Bell,111,158,13,8,4
2026-06-29,Nina Patel,63,173,11,9,6
2026-07-06,Avery Chen,45,142,11,7,3
2026-07-06,Marcus Bell,98,141,7,6,5
2026-07-06,Nina Patel,76,113,10,7,4
2026-07-13,Avery Chen,59,138,13,11,5
2026-07-13,Marcus Bell,78,174,7,5,5
2026-07-13,Nina Patel,63,169,8,7,3
2026-07-20,Avery Chen,62,111,13,9,3
2026-07-20,Marcus Bell,99,205,9,7,6
2026-07-20,Nina Patel,67,135,8,8,5
2026-07-27,Avery Chen,46,121,11,10,5
2026-07-27,Marcus Bell,93,145,11,7,4
2026-07-27,Nina Patel,78,175,7,6,6
2026-08-03,Avery Chen,47,114,14,10,3
2026-08-03,Marcus Bell,82,198,7,6,8
2026-08-03,Nina Patel,59,124,7,5,4
2026-08-10,Avery Chen,60,139,8,6,6
2026-08-10,Marcus Bell,97,164,9,6,7
2026-08-10,Nina Patel,60,159,13,8,5
2026-08-17,Avery Chen,49,139,7,6,6
2026-08-17,Marcus Bell,89,140,11,8,6
2026-08-17,Nina Patel,83,169,15,9,6
2026-08-24,Avery Chen,52,140,11,8,7
2026-08-24,Marcus Bell,83,173,6,6,8
2026-08-24,Nina Patel,76,160,7,6,4
2026-08-31,Avery Chen,59,109,11,7,6
2026-08-31,Marcus Bell,111,213,9,8,7
2026-08-31,Nina Patel,82,123,9,8,3
2026-09-07,Avery Chen,63,116,9,7,7
2026-09-07,Marcus Bell,114,195,5,4,5
2026-09-07,Nina Patel,61,147,5,5,5
2026-09-14,Avery Chen,54,115,18,11,5
2026-09-14,Marcus Bell,102,160,5,4,7
2026-09-14,Nina Patel,69,165,11,8,6
2026-09-21,Avery Chen,65,138,13,8,3
2026-09-21,Marcus Bell,100,210,9,8,7
2026-09-21,Nina Patel,79,159,13,8,6
2026-09-28,Avery Chen,61,123,9,6,3
2026-09-28,Marcus Bell,91,179,9,7,7
2026-09-28,Nina Patel,60,128,12,8,6
